Supplier Name,Parent Company
Robertson LLC,Lee-Newman
Sherman, Colon and Moore,Smith Group
May, Osborne and Randolph,Short-Lara
"Reid-Reynolds,""King, Lopez and Hale"""
Stanley and Sons,Medina Inc
Mcdonald, Frederick and West,Green-Cannon
Jones Group,Robinson Inc
Banks-Tate,Adams-Sims
Wolfe-Lopez,Strickland Group
"Hooper, Robinson and Little,""Vasquez, Ware and Lynch"""
"Ho, Nguyen and Williams,""Pham, Castillo and Erickson"""
Robinson-Gonzales,Smith Group
Melton PLC,
Olson, Stein and Baker,Ali-Carroll
Watson-Carson,Short-Lara
Rodriguez LLC,Williams Ltd
Hill PLC,Raymond Ltd
Newman LLC,Castro-Brown
Randolph, Salas and Vasquez,
"Brooks LLC,""Jennings, Miller and Wolfe"""
Taylor PLC,Lewis LLC
"Williams PLC,""Bailey, Reeves and Thomas"""
Gilbert-Velazquez,Smith Group
Russell-Kim,Smith Group
"Bailey-Sanchez,""Jennings, Miller and Wolfe"""
"Jennings, Lawrence and Jackson,""Vasquez, Ware and Lynch"""
Silva PLC,
Young-Anderson,Lam LLC
"Dillon, Ramirez and Thomas,""Jennings, Miller and Wolfe"""
Patel LLC,Lewis LLC
Irwin-Dean,
"Cook, Rivera and Cox,""Smith, Martin and Jacobson"""
Ramsey-Barnett,Ali-Carroll
"Wang LLC,""Turner, Morales and Johnson"""
Humphrey Ltd,
Sherman-Martin,
"Perry-Jackson,""Griffin, Bowen and Anderson"""
Adams, Young and Hodges,Gomez-Arnold
Townsend, Harper and Baker,Espinoza LLC
"Patterson-Clayton,""Carr, Johnson and Weeks"""
Davis-Smith,Smith Group
Contreras-Lucas,Collins-Williams
Rodriguez Group,Davis PLC
Cain, Price and Lozano,Mann Ltd
Mitchell Ltd,Graham-Trujillo
Malone-Whitaker,Smith Group
Burgess PLC,Adams-Sims
Erickson-Larson,Gomez-Arnold
"Cross Inc,""Jennings, Miller and Wolfe"""
"Berry, Adkins and Davis,""Pham, Castillo and Erickson"""
Combs PLC,Green-Cannon
Graves-Thompson,Lee PLC
Bell, Shaffer and Zamora,Quinn PLC
"Green, Thompson and Paul,""Yang, Miller and Moore"""
"Webb-Tucker,""Smith, Martin and Jacobson"""
Coleman Inc,Short-Lara
Adams-Patel,Ali-Carroll
Scott, West and Brown,Williams Ltd
"Lopez, Golden and Calhoun,""Yang, Miller and Moore"""
Orozco-Davis,Mann Ltd
Dunlap-Weiss,
Sanchez, Wu and Smith,
Alvarado, Smith and Williams,
Vargas-Becker,
Phelps-Beck,
Murillo, Jackson and Guerrero,Davidson Ltd
"Flores Ltd,""Beard, Jones and Foster"""
"Nolan LLC,""Moore, Johnson and Harding"""
Wall PLC,
Haley Group,Smith Group
"Hunt-Bennett,""King, Lopez and Hale"""
Perry LLC,Williams Ltd
Huff, Thompson and Day,Smith Group
Mendez, Brennan and Yu,Williams Ltd
Collins-Donovan,
Perez, Blackwell and Mckee,Collins-Williams
Martin and Sons,Smith Group
"Smith, Aguilar and Finley,""Brooks, Pope and Sampson"""
"Benton-Wang,""Pham, Castillo and Erickson"""
"Monroe, Bryant and Dennis,""Yang, Miller and Moore"""
Juarez Inc,Williams Ltd
Hughes-Payne,Gomez-Arnold
"Hoffman, Mcintyre and Mckenzie,""Pham, Castillo and Erickson"""
Stewart, Brooks and Bailey,Mann Ltd
Phillips, Allen and Smith,
Watson-Smith,Short-Lara
"Mathews and Sons,""Wilkinson, Rodriguez and Black"""
"Mason-Warren,""Bailey, Reeves and Thomas"""
"Horton Group,""Turner, Morales and Johnson"""
"Nelson Group,""Pham, Castillo and Erickson"""
"Day, Long and Bell,""Smith, Martin and Jacobson"""
"West, Jones and Koch,""Taylor, Cooke and Burch"""
Johnson Ltd,Castro-Brown
Avila-Miller,Robinson Inc
Smith Inc,
"Howard, Charles and Oneill,""Banks, Trujillo and Reid"""
Hanna Ltd,
Johnson-Farmer,Williams Ltd
"Matthews LLC,""Smith, Martin and Jacobson"""
Smith and Sons,
